Asparagus,Basil
Asparagus,Beets
Asparagus,Lettuce
Asparagus,Parsley
Asparagus,Spinach
Asparagus,Tomatoes
Beans,Broccoli
Beans,Cabbage
Beans,Carrots
Beans,Cauliflower
Beans,Celery
Beans,Corn
Beans,Cucumbers
Beans,Eggplant
Beans,Peas
Beans,Potatoes
Beans,Radishes
Beans,Squash
Beans,Strawberries
Beans,Tomatoes
Beets,Asparagus
Beets,Broccoli
Beets,Cauliflower
Beets,Lettuce
Beets,Onions
Broccoli,Beans
Broccoli,Beets
Broccoli,Celery
Broccoli,Cucumbers
Broccoli,Onions
Broccoli,Potatoes
Broccoli,Sage
Brussel Sprout,Dill
Brussel Sprout,Lettuce
Brussel Sprout,Radishes
Brussel Sprout,Sage
Brussel Sprout,Spinach
Brussel Sprout,Turnips
Cabbage,Beans
Cabbage,Celery
Cabbage,Cucumbers
Cabbage,Dill
Cabbage,Kale
Cabbage,Lettuce
Cabbage,Onions
Cabbage,Potatoes
Cabbage,Sage
Cabbage,Spinach
Cabbage,Thyme
Carrots,Beans
Carrots,Lettuce
Carrots,Onions
Carrots,Peas
Carrots,Radishes
Carrots,Rosemary
Carrots,Sage
Carrots,Tomatoes
Cauliflower,Beans
Cauliflower,Beets
Cauliflower,Celery
Cauliflower,Cucumbers
Cauliflower,Sage
Cauliflower,Thyme
Celery,Beans
Celery,Broccoli
Celery,Cabbage
Celery,Cauliflower
Celery,Leeks
Celery,Spinach
Celery,Tomatoes
Corn,Beans
Corn,Cucumbers
Corn,Lettuce
Corn,Melons
Corn,Peas
Corn,Potatoes
Corn,Squash
Corn,Sunflowers
Cucumbers,Beans
Cucumbers,Broccoli
Cucumbers,Cabbage
Cucumbers,Cauliflower
Cucumbers,Corn
Cucumbers,Lettuce
Cucumbers,Peas
Cucumbers,Radishes
Cucumbers,Sunflowers
Eggplant,Basil
Eggplant,Beans
Eggplant,Lettuce
Eggplant,Peas
Eggplant,Potatoes
Eggplant,Spinach
Kale,Cabbage
Kale,Dill
Kale,Potatoes
Kale,Rosemary
Kale,Sage
Lettuce,Asparagus
Lettuce,Beets
Lettuce,Brussels
Lettuce,Cabbage
Lettuce,Carrots
Lettuce,Corn
Lettuce,Cucumbers
Lettuce,Eggplant
Lettuce,Onions
Lettuce,Peas
Lettuce,Potatoes
Lettuce,Radishes
Lettuce,Spinach
Lettuce,Strawberries
Lettuce,Sunflowers
Lettuce,Tomatoes
Melons,Corn
Melons,Nasturtiums
Melons,Peas
Melons,Radishes
Melons,Sunflowers
Melons,Tomatoes
Onions,Beets
Onions,Broccoli
Onions,Cabbage
Onions,Carrots
Onions,Lettuce
Onions,Peppers
Onions,Potatoes
Onions,Spinach
Onions,Tomatoes
Peas,Beans
Peas,Carrots
Peas,Corn
Peas,Cucumbers
Peas,Eggplant
Peas,Lettuce
Peas,Melons
Peas,Parsnips
Peas,Potatoes
Peas,Radishes
Peas,Spinach
Peas,Turnips
Peppers,Basil
Peppers,Coriander
Peppers,Onions
Peppers,Spinach
Peppers,Tomatoes
Potatoes,Beans
Potatoes,Broccoli
Potatoes,Cabbage
Potatoes,Corn
Potatoes,Eggplant
Potatoes,Garlic
Potatoes,Kale
Potatoes,Lettuce
Potatoes,Onions
Potatoes,Peas
Potatoes,Radishes
Spinach,Asparagus
Spinach,Brussels
Spinach,Cabbage
Spinach,Celery
Spinach,Dill
Spinach,Eggplant
Spinach,Lettuce
Spinach,Onions
Spinach,Peas
Spinach,Peppers
Spinach,Radishes
Spinach,Strawberries
Spinach,Tomatoes
Tomatoes,Asparagus
Tomatoes,Basil
Tomatoes,Beans
Tomatoes,Borage
Tomatoes,Carrots
Tomatoes,Celery
Tomatoes,Dill
Tomatoes,Lettuce
Tomatoes,Melons
Tomatoes,Onions
Tomatoes,Parlsey
Tomatoes,Peppers
Tomatoes,Radishes
Tomatoes,Spinach
Tomatoes,Thyme
