"Asparagus", "Jersey Giant", 736, " Feb 1— March 1", " March 1— April 30", " April 1—30", 6—8, 12—15, 36—60
"Asparagus", "Mary Washington", 736, " Feb 1— March 1", " March 1— April 30", " April 1—30", 6—8, 12—15, 36—60
"Asparagus", "U.C. 157", 736, " Feb 1— March 1", " March 1— April 30", " April 1—30", 6—8, 12—15, 36—60
"Asparagus", "Jersey Knight", 736, " Feb 1— March 1", " March 1— April 30", " April 1—30", 6—8, 12—15, 36—60
"Beans, bush", "Blue Lake 47 Bush", 58, " April 15— May 1; July 15— Aug 15", " May 1—31; July 1—31", " May 1— July 15", 1—2, 2—6, 18—36
"Beans, bush", "Contender", 49, " April 15— May 1; July 15— Aug 15", " May 1—31; July 1—31", " May 1— July 15", 1—2, 2—6, 18—36
"Beans, bush", "Blue Lake 274", 58, " April 15— May 1; July 15— Aug 15", " May 1—31; July 1—31", " May 1— July 15", 1—2, 2—6, 18—36
"Beans, bush", "Kentucky Wonder 125", 58, " April 15— May 1; July 15— Aug 15", " May 1—31; July 1—31", " May 1— July 15", 1—2, 2—6, 18—36
"Beans, bush", "Topcrop", 49, " April 15— May 1; July 15— Aug 15", " May 1—31; July 1—31", " May 1— July 15", 1—2, 2—6, 18—36
"Beans, bush (wax)", "Imperial Golden Wax", 52, "April 15— May 1; July 15— Aug 15", " May 1—31; July 1—31", " May 1— July 15", 1—2, 2—6, 18—36
"Beans, bush (wax)", "Gold Mine", 55, "April 15— May 1; July 15— Aug 15", " May 1—31; July 1—31", " May 1— July 15", 1—2, 2—6, 18—36
"Beans, pole", "Blue Lake", 60, " April 15— May 1", " May 1—31", " May 1— June 30", 1—2, 4—8, 36—48
"Beans, pole", "Kentucky Blue", 65, " April 15— May 1", " May 1—31", " May 1— June 30", 1—2, 4—8, 36—48
"Beans, pole", "Kentucky Wonder", 65, " April 15— May 1", " May 1—31", " May 1— June 30", 1—2, 4—8, 36—48
"Beans, lima", "Fordhook 242", 75, " April 15— Aug 1", " May 1— July 15", " May 15— June 15", 1—2, 3—6, 18—36
"Beans, lima", "Baby Fordhook", 70, " April 15— Aug 1", " May 1— July 15", " May 15— June 15", 1—2, 3—6, 18—36
"Beans, lima", "Henderson Bush", 65, " April 15— Aug 1", " May 1— July 15", " May 15— June 15", 1—2, 3—6, 18—36
"Beans, lima", "Jackson Wonder", 65, " April 15— Aug 1", " May 1— July 15", " May 15— June 15", 1—2, 3—6, 18—36
"Beans, lima, pole", "Large Speckled Christmas", 88, " April 15— May 1", " May 1—31", " May 1—15", 1—2, 8—12, 36—48
"Beans, lima, pole", "King of Garden", 88, " April 15— May 1", " May 1—31", " May 1—15", 1—2, 8—12, 36—48
"Beans, other", "Fava or broadbeans", 85, " Jan 15— Feb 15", "Feb 15— March 15", "March 15— May 15", 1—2, 3—6, 24—48
"Beans, other", "Garbanzo or chickpea", 100, " Jan 15— Feb 15", "Feb 15— March 15", "March 15— May 15", 1—2, 3—6, 24—48
"Beans, other", "Pinto, Luna", 85, " Jan 15— Feb 15", "Feb 15— March 15", "March 15— May 15", 1—2, 3—6, 24—48
"Beans, other", "Pinto, Navajo", 85, " Jan 15— Feb 15", "Feb 15— March 15", "March 15— May 15", 1—2, 3—6, 24—48
"Beets", "Detroit Dark Red", 60, " Feb 1— March 15; July 15— Aug 15", " March 1— April 15; July 15— Aug 1", " April 1— June 30", 1/2, 2—4, 12—30
"Beets", "Early Wonder", 54, " Feb 1— March 15; July 15— Aug 15", " March 1— April 15; July 15— Aug 1", " April 1— June 30", 1/2, 2—4, 12—30
"Beets", "Golden Beet", 55, " Feb 1— March 15; July 15— Aug 15", " March 1— April 15; July 15— Aug 1", " April 1— June 30", 1/2, 2—4, 12—30
"Beets", "Cylindra", 60, " Feb 1— March 15; July 15— Aug 15", " March 1— April 15; July 15— Aug 1", " April 1— June 30", 1/2, 2—4, 12—30
"Beets", "Ruby Queen", 53, " Feb 1— March 15; July 15— Aug 15", " March 1— April 15; July 15— Aug 1", " April 1— June 30", 1/2, 2—4, 12—30
"Beets", "Perfected Detroit", 58, " Feb 1— March 15; July 15— Aug 15", " March 1— April 15; July 15— Aug 1", " April 1— June 30", 1/2, 2—4, 12—30
"Broccoli", "Bonanza Hybrid", 55, " Feb 15— March 1; July 15— Aug 1", " March 15— April 1; July 1—15", " April 15— June 1", 1/2, 8—12, 26—36
"Broccoli", "Green Goliath", 55, " Feb 15— March 1; July 15— Aug 1", " March 15— April 1; July 1—15", " April 15— June 1", 1/2, 8—12, 26—36
"Broccoli", "Sun King Hybrid", 71, " Feb 15— March 1; July 15— Aug 1", " March 15— April 1; July 1—15", " April 15— June 1", 1/2, 8—12, 26—36
"Broccoli", "Green Magic", 57, " Feb 15— March 1; July 15— Aug 1", " March 15— April 1; July 1—15", " April 15— June 1", 1/2, 8—12, 26—36
"Broccoli", "Marathon", 68, " Feb 15— March 1; July 15— Aug 1", " March 15— April 1; July 1—15", " April 15— June 1", 1/2, 8—12, 26—36
"Broccoli", "Premium Crop", 58, " Feb 15— March 1; July 15— Aug 1", " March 15— April 1; July 1—15", " April 15— June 1", 1/2, 8—12, 26—36
"Broccoli", "Hybrid Packman", 60, " Feb 15— March 1; July 15— Aug 1", " March 15— April 1; July 1—15", " April 15— June 1", 1/2, 8—12, 26—36
"Brussels sprouts", "Hybrid Jade Cross", 82, "March 15— May 15", " April 1— May 15", " April 15—30", 1/2, 18—24, 24—40
"Brussels sprouts", "Dimitri Hybrid", 105, "March 15— May 15", " April 1— May 15", " April 15—30", 1/2, 18—24, 24—40
"Cabbage", "Golden Acre", 64, " Feb 15— March 1; July 15— Aug 1", " March 15—31; July 1—15", " April 15— June 30", 1/2, 12—24, 24—36
"Cabbage", "Red Acre", 76, " Feb 15— March 1; July 15— Aug 1", " March 15—31; July 1—15", " April 15— June 30", 1/2, 12—24, 24—36
"Cabbage", "Early Jersey Wakefield", 63, " Feb 15— March 1; July 15— Aug 1", " March 15—31; July 1—15", " April 15— June 30", 1/2, 12—24, 24—36
"Cabbage, Chinese", "Michihili", 70, " March 1—31; July 1—20", " June 15—30", " May 15— June 15", 1/2, 12—24, 24—36
"Cabbage, Chinese", "Two Seasons Hybrid", 62, " March 1—31; July 1—20", " June 15—30", " May 15— June 15", 1/2, 12—24, 24—36
"Cabbage, Chinese", "Pak Choi Joi Choi Hybrid", 45, " March 1—31; July 1—20", " June 15—30", " May 15— June 15", 1/2, 12—24, 24—36
"Cantaloupe (muskmelon)", "Delicious 51", 84, " April 1—15", " April 15—30", " May 1—15", 1/2—3/4, 12, 60—84
"Cantaloupe (muskmelon)", "Hales Best", 88, " April 1—15", " April 15—30", " May 1—15", 1/2—3/4, 12, 60—84
"Cantaloupe (muskmelon)", "Ambrosia Hybrid", 86, " April 1—15", " April 15—30", " May 1—15", 1/2—3/4, 12, 60—84
"Carrots", "Imperator", 75, " Jan  15— March 1; Aug 1—15", " Feb 15— April 1; July 1— Aug 1", " May 1— June 30", 1/4, 1—3, 16—36
"Carrots", "Red Core Chantenay", 70, " Jan  15— March 1; Aug 1—15", " Feb 15— April 1; July 1— Aug 1", " May 1— June 30", 1/4, 1—3, 16—36
"Carrots", "Danvers Half Long", 75, " Jan  15— March 1; Aug 1—15", " Feb 15— April 1; July 1— Aug 1", " May 1— June 30", 1/4, 1—3, 16—36
"Carrots", "Nantes Coreless", 68, " Jan  15— March 1; Aug 1—15", " Feb 15— April 1; July 1— Aug 1", " May 1— June 30", 1/4, 1—3, 16—36
"Cauliflower", "Snowball (types)", 65, "Feb 15— March 1; June 25— July 5", "March 15—31; July 1— Aug 1", " May 1—30", 1/2, 18—24, 24—36
"Cauliflower", "Snow Crown Hybrid", 53, "Feb 15— March 1; June 25— July 5", "March 15—31; July 1— Aug 1", " May 1—30", 1/2, 18—24, 24—36
"Cauliflower", "Snowball Self-Blanching", 70, "Feb 15— March 1; June 25— July 5", "March 15—31; July 1—Aug 1", " May 1—30", 1/2, 18—24, 24—36
"Cauliflower", "Graffiti (purple)", 80, "Feb 15— March 1; June 25— July 5", "March 15—31; July 1—Aug 1", " May 1—30", 1/2, 18—24, 24—36
"Chard, Swiss", "Fordhook Giant", 60, " Feb 1— March 15; July 15— Aug 15", " March 1— April 15; July 1— Aug 1", " April 1— June 30", 1/2—3/4, 4—15, 24—36
"Chard, Swiss", "Rhubarb", 60, " Feb 1— March 15; July 15— Aug 15", " March 1— April 15; July 1— Aug 1", " April 1— June 30", 1/2—3/4, 4—15, 24—36
"Chard, Swiss", "Lucullus Light Green", 60, " Feb 1— March 15; July 15— Aug 15", " March 1— April 15; July 1— Aug 1", " April 1— June 30", 1/2—3/4, 4—15, 24—36
"Chard, Swiss", "Bright Lights", 55, " Feb 1— March 15; July 15— Aug 15", " March 1— April 15; July 1— Aug 1", " April 1— June 30", 1/2—3/4, 4—15, 24—36
"Collards", "Georgia", 80, "Feb 1— March 15; July 15— Aug 15", "March 1— April 15; July 15— Aug 1", " April 1— June 30", 1/2, 10—24, 24—36
"Collards", "Vates", 80, "Feb 1— March 15; July 15— Aug 15", "March 1— April 15; July 15— Aug 1", " April 1— June 30", 1/2, 10—24, 24—36
"Corn, sweet (regular, SU)", "Merit", 75, " March 21— July 30", " April 20— July 1", " May 1— July 1", 1—2, 8—12, 30—40
"Corn, sweet (regular, SU)", "Early Sunglow", 63, " March 21— July 30", " April 20— July 1", " May 1— July 1", 1—2, 8—12, 30—40
"Corn, sweet (regular, SU)", "Golden Jubilee", 84, " March 21— July 30", " April 20— July 1", " May 1— July 1", 1—2, 8—12, 30—40
"Corn, sweet (regular, SU)", "Iochief", 89, " March 21— July 30", " April 20— July 1", " May 1— July 1", 1—2, 8—12, 30—40
"Corn, sweet (regular, SU)", "Silver Queen (white)", 94, " March 21— July 30", " April 20— July 1", " May 1— July 1", 1—2, 8—12, 30—40
"Corn, sweet (regular, SU)", "Golden Cross Bantam", 85, " March 21— July 30", " April 20— July 1", " May 1— July 1", 1—2, 8—12, 30—40
"Corn, sweet (sugary enhancer, SE)", "Kandy Korn SE", 89, " March 21— July 30", " April 20— July 1", " May 1— July 1", 1—2, 8—12, 30—40
"Corn, sweet (sugary enhancer, SE)", "Hybrid Double Delicious", 83, " March 21— July 30", " April 20— July 1", " May 1— July 1", 1—2, 8—12, 30—40
"Corn, sweet (sugary enhancer, SE)", "Hybrid Bodacious", 72, " March 21— July 30", " April 20— July 1", " May 1— July 1", 1—2, 8—12, 30—40
"Corn, sweet (sugary enhancer, SE)", "Miracle", 82, " March 21— July 30", " April 20— July 1", " May 1— July 1", 1—2, 8—12, 30—40
"Corn, sweet (super sweet, SH2)", "Early Xtra-Sweet", 71, " April 1— July 30", " May 1— July 1", " May 15— July 1", 1/2—1, 8—12, 30—40
"Corn, sweet (super sweet, SH2)", "Illini Xtra-Sweet", 85, " April 1— July 30", " May 1— July 1", " May 15— July 1", 1/2—1, 8—12, 30—40
"Corn, sweet (super sweet, SH2)", "How Sweet It Is", 87, " April 1— July 30", " May 1— July 1", " May 15— July 1", 1/2—1, 8—12, 30—40
"Corn, sweet (super sweet, SH2)", "Honey 'N Pearl", 78, " April 1— July 30", " May 1— July 1", " May 15— July 1", 1/2—1, 8—12, 30—40
"Cucumber, slicing", "Armenian (long, ribbed)", 70, " April 1—15", " April 15— May 15", " May 15— June 1", 1/2—3/4, 8—12, 36—72
"Cucumber, slicing", "Bush Champion", 55, " April 1—15", " April 15— May 15", " May 15— June 1", 1/2—3/4, 8—12, 36—72
"Cucumber, slicing", "Slicemaster", 58, " April 1—15", " April 15— May 15", " May 15— June 1", 1/2—3/4, 8—12, 36—72
"Cucumber, slicing", "Hybrid Burpless", 60, " April 1—15", " April 15— May 15", " May 15— June 1", 1/2—3/4, 8—12, 36—72
"Cucumber, slicing", "Spacemaster (bush)", 54, " April 1—15", " April 15— May 15", " May 15— June 1", 1/2—3/4, 8—12, 36—72
"Cucumber, slicing", "Straight Eight", 58, " April 1—15", " April 15— May 15", " May 15— June 1", 1/2—3/4, 8—12, 36—72
"Cucumber, slicing", "Streamliner", 58, " April 1—15", " April 15— May 15", " May 15— June 1", 1/2—3/4, 8—12, 36—72
"Cucumber, slicing", "Sweet Success Hybrid", 58, " April 1—15", " April 15— May 15", " May 15— June 1", 1/2—3/4, 8—12, 36—72
"Cucumber, slicing", "Sweet Slice Hybrid", 62, " April 1—15", " April 15— May 15", " May 15— June 1", 1/2—3/4, 8—12, 36—72
"Cucumber, pickling", "National Pickling", 55, " April 1—15", " April 15— May 15", " May 15— June 1", 1/2—3/4, 8—12, 36—72
"Cucumber, pickling", "West India Gherkin", 60, " April 1—15", " April 15— May 15", " May 15— June 1", 1/2—3/4, 8—12, 36—72
"Eggplant", "Black Beauty", 73, " April 1—30", " April 15— May 15", " May 1—30", 1/4—1/2, 18—30, 24—48
"Eggplant", "Dusky", 63, " April 1—30", " April 15— May 15", " May 1—30", 1/4—1/2, 18—30, 24—48
"Eggplant", "Easter Egg", 69, " April 1—30", " April 15— May 15", " May 1—30", 1/4—1/2, 18—30, 24—48
"Eggplant", "Orient Express", 58, " April 1—30", " April 15— May 15", " May 1—30", 1/4—1/2, 18—30, 24—48
"Eggplant", "Ichiban Hybrid", 65, " April 1—30", " April 15— May 15", " May 1—30", 1/4—1/2, 18—30, 24—48
"Garlic, hardneck", "Spanish Roja", 120, " Oct 1— Nov 30", " Sept 15— Nov 15", " Sept 1— Oct 31", 1—3, 3—6, 12—36
"Garlic, hardneck", "Carpathian", 120, " Oct 1— Nov 30", " Sept 15— Nov 15", " Sept 1— Oct 31", 1—3, 3—6, 12—36
"Garlic, softneck", "Inchelium Red", 120, " Oct 1— Nov 30", " Sept 15— Nov 15", " Sept 1— Oct 31", 1—3, 3—6, 12—36
"Garlic, softneck", "California Early", 120, " Oct 1— Nov 30", " Sept 15— Nov 15", " Sept 1— Oct 31", 1—3, 3—6, 12—36
"Garlic, softneck", "Silverskin (S & H)", 120, " Oct 1— Nov 30", " Sept 15— Nov 15", " Sept 1— Oct 31", 1—3, 3—6, 12—36
"Kohlrabi", "Early Purple Vienna", 60, "Feb 1— March 15; July 15— Aug 15", " March 1— April 15; July 1— Aug 15", " April 1— June 30", 1/2, 3—6, 12—36
"Kohlrabi", "Early White Vienna", 55, "Feb 1— March 15; July 15— Aug 15", " March 1— April 15; July 1— Aug 15", " April 1— June 30", 1/2, 3—6, 12—36
"Kohlrabi", "Grand Duke", 45, "Feb 1— March 15; July 15— Aug 15", " March 1— April 15; July 1— Aug 15", " April 1— June 30", 1/2, 3—6, 12—36
"Leek", "American Flag", 130, " Jan 15— Feb 15", " Feb 15— March 15", " March 15— April 1", 1/2, 3—6, 12—36
"Leek", "Titan", 110, " Jan 15— Feb 15", " Feb 15— March 15", " March 15— April 1", 1/2, 3—6, 12—36
"Lettuce, head", "Crispino", 57, " Nov 20— Jan 20", " March 1—15", " April 1— June 15", 1/4—1/2, 10—15, 20—36
"Lettuce, head", "Iceberg", 82, " Nov 20— Jan 20", " March 1—15", " April 1— June 15", 1/4—1/2, 10—15, 20—36
"Lettuce, leaf", "Black Seeded Simpson", 45, " Dec 1— March 15; Aug 1—30", " March 1—31; July 15— Aug 15", " April 1— July 1", 1/4—1/2, 8—12, 20—36
"Lettuce, leaf", "Oak Leaf", 50, " Dec 1— March 15; Aug 1—30", " March 1—31; July 15— Aug 15", " April 1— July 1", 1/4—1/2, 8—12, 20—36
"Lettuce, leaf", "Ruby", 45, " Dec 1— March 15; Aug 1—30", " March 1—31; July 15— Aug 15", " April 1— July 1", 1/4—1/2, 8—12, 20—36
"Lettuce, leaf", "Salad Bowl", 45, " Dec 1— March 15; Aug 1—30", " March 1—31; July 15— Aug 15", " April 1— July 1", 1/4—1/2, 8—12, 20—36
"Lettuce, leaf", "Red Sails", 50, "Dec 1— March 15; Aug 1—30", "March 1—31; July 15— Aug 15", "April 1— July 1", 1/4—1/2, 8—12, 20—36
"Lettuce, leaf", "Prizehead", 45, "Dec 1— March 15; Aug 1—30", "March 1—31; July 15— Aug 15", "April 1— July 1", 1/4—1/2, 8—12, 20—36
"Lettuce, romaine", "Paris Island Cos", 75, "Dec 1— March 15; Aug 1—30", "March 1—31; July 15— Aug 15", " April 1— July 15", 1/4—1/2, 10—14, 20—36
"Lettuce, romaine", "Coastal Star", 57, "Dec 1— March 15; Aug 1—30", "March 1—31; July 15— Aug 15", " April 1— July 15", 1/4—1/2, 10—14, 20—36
"Lettuce, romaine", "Valmaine Cos", 70, "Dec 1— March 15; Aug 1—30", "March 1—31; July 15— Aug 15", " April 1— July 15", 1/4—1/2, 10—14, 20—36
"Lettuce, butterhead", "Bibb", 75, " Dec 1— March 15; Aug 1—30", " March 1—31; July 15— Aug 15", " April 1— July 1", 1/4—1/2, 10—15, 20—36
"Lettuce, butterhead", "Buttercrunch", 75, " Dec 1— March 15; Aug 1—30", " March 1—31; July 15— Aug 15", " April 1— July 1", 1/4—1/2, 10—15, 20—36
"Lettuce, butterhead", "Adriana", 48, " Dec 1— March 15; Aug 1—30", " March 1—31; July 15— Aug 15", " April 1— July 1", 1/4—1/2, 10—15, 20—36
"Mustard", "Tendergreen", 35, "Feb 1— March 31; Aug 1—30", "March 1— April 15; Aug 1—31", "April 1— July 15", 1/2, 5—10, 20—36
"Okra", "Clemson Spineless", 56, " April 1—15", " April 15—30", " May 1—15", 1, 8—24, 42—60
"Okra", "Annie Oakley Hybrid", 52, " April 1—15", " April 15—30", " May 1—15", 1, 8—24, 42—60
"Onions, fall-planted", "Hybrid White Bermuda", 92, " Oct 1—15", " —", " —", 1/2, 2—4, 20—36
"Onions, fall-planted", "Texas Grano 1015Y", 175, " Oct 1—15", " —", " —", 1/2, 2—4, 20—36
"Onions, fall-planted", "Red Hamburger", 95, " Oct 1—15", " —", " —", 1/2, 2—4, 20—36
"Onions, fall-planted", "Granex Hybrid", 80, " Oct 1—15", " —", " —", 1/2, 2—4, 20—36
"Onions, fall-planted", "Sierra Blanca", 109, " Oct 1—15", " —", " —", 1/2, 2—4, 20—36
"Onions, spring-planted", "White, Yellow & Red Globe", 110, " Jan 15— Feb 15", " Feb 15— March 15", " March 15— April 3", 1/2, 2—4, 20—36
"Onions, spring-planted", "White & Yellow Sweet Spanish", 100, " Jan 15— Feb 15", " Feb 15— March 15", " March 15— April 3", 1/2, 2—4, 20—36
"Parsnips", "All American", 100, "Jan 15— March 1", "Feb 15— April 15", "April 1— May 15", 1/2, 2—4, 20—36
"Parsnips", "Hollow Crown", 110, "Jan 15— March 1", "Feb 15— April 15", "April 1— May 15", 1/2, 2—4, 20—36
"Peas, snap", "Sugar Daddy", 62, " Jan 15— Feb 15", " Feb 15— April 15", " March 15— June 15", 1, 1—3, 24—36
"Peas, snap", "Sugar Ann", 56, " Jan 15— Feb 15", " Feb 15— April 15", " March 15— June 15", 1, 1—3, 24—36
"Peas, snap", "Sugar Bon", 56, " Jan 15— Feb 15", " Feb 15— April 15", " March 15— June 15", 1, 1—3, 24—36
"Peas, snap", "Sugar Snap", 70, " Jan 15— Feb 15", " Feb 15— April 15", " March 15— June 15", 1, 1—3, 24—36
"Peas, snap", "Super Snappy", 65, " Jan 15— Feb 15", " Feb 15— April 15", " March 15— June 15", 1, 1—3, 24—36
"Peas, snow", "Oregon Sugar Pod II", 68, " Jan 15— Feb 15", " Feb 15— April 15", " March 15— June 15", 1, 1—3, 24—36 
"Peas, snow", "Dwarf Gray Sugar", 57, " Jan 15— Feb 15", " Feb 15— April 15", " March 15— June 15", 1, 1—3, 24—36 
"Peas, English", "Alaska", 55, " Jan 15— Feb 15", " Feb 15— April 15", " March 15— June 15", 1, 1—3, 24—36
"Peas, English", "Green Arrow", 70, " Jan 15— Feb 15", " Feb 15— April 15", " March 15— June 15", 1, 1—3, 24—36
"Peas, English", "Little Marvel", 63, " Jan 15— Feb 15", " Feb 15— April 15", " March 15— June 15", 1, 1—3, 24—36
"Peas, English", "Wando", 68, " Jan 15— Feb 15", " Feb 15— April 15", " March 15— June 15", 1, 1—3, 24—36
"Peas, English", "Lincoln", 67, " Jan 15— Feb 15", " Feb 15— April 15", " March 15— June 15", 1, 1—3, 24—36
"Peas, cowpeas", "California Black-Eye", 75, "April 14— May 1", " May 1—31", "May 1— July 15", 1/2—1, 5—8, 24—36
"Peas, cowpeas", "Purple Hull", 78, "April 14— May 1", " May 1—31", "May 1— July 15", 1/2—1, 5—8, 24—36
"Peppers, bell", "Bell Boy", 72, " April  1—30", " April 15— May 15", " May 15— June 15", 1/4, 12—24, 24—36
"Peppers, bell", "Gypsy Hybrid", 65, " April  1—30", " April 15— May 15", " May 15— June 15", 1/4, 12—24, 24—36
"Peppers, bell", "California Wonder", 75, " April  1—30", " April 15— May 15", " May 15— June 15", 1/4, 12—24, 24—36
"Peppers, chile", "Española Improved (hot)", 70, " April 1—30", " April 15— May 15", " May 15— June 15", 1/4, 12—24, 24—36
"Peppers, chile", "Hungarian Wax (hot)", 65, " April 1—30", " April 15— May 15", " May 15— June 15", 1/4, 12—24, 24—36
"Peppers, chile", "Early Jalapeño (hot)", 80, " April 1—30", " April 15— May 15", " May 15— June 15", 1/4, 12—24, 24—36
"Peppers, chile", "NuMex R Naky (mild)", 80, " April 1—30", " April 15— May 15", " May 15— June 15", 1/4, 12—24, 24—36
"Peppers, chile", "New Mexico 6-4 (mild)", 80, " April 1—30", " April 15— May 15", " May 15— June 15", 1/4, 12—24, 24—36
"Peppers, chile", "NuMex Big Jim (mild to medium)", 80, " April 1—30", " April 15— May 15", " May 15— June 15", 1/4, 12—24, 24—36
"Peppers, chile", "NuMex Joe E. Parker (mild to medium)", 80, " April 1—30", " April 15— May 15", " May 15— June 15", 1/4, 12—24, 24—36
"Peppers, chile", "Sandia (hot)", 80, " April 1—30", " April 15— May 15", " May 15— June 15", 1/4, 12—24, 24—36
"Potato", "Irish Cobbler (white)", 100, " Feb 1—28", " April 1— May 15", " May 1—31", 4, 12, 30—36
"Potato", "Kennebec (white)", 105, " Feb 1—28", " April 1— May 15", " May 1—31", 4, 12, 30—36
"Potato", "La Rouge (red)", 110, " Feb 1—28", " April 1— May 15", " May 1—31", 4, 12, 30—36
"Potato", "Norgold (russett)", 105, " Feb 1—28", " April 1— May 15", " May 1—31", 4, 12, 30—36
"Potato", "Pontiac (red)", 105, " Feb 1—28", " April 1— May 15", " May 1—31", 4, 12, 30—36
"Potato", "Viking (purple)", 105, " Feb 1—28", " April 1— May 15", " May 1—31", 4, 12, 30—36
"Sweet potato", "Caromex", 130, " May 1—15", " May 15—31", " June 1—15", (transplants), 10—18, 36—48
"Sweet potato", "Centennial", 130, " May 1—15", " May 15—31", " June 1—15", (transplants), 10—18, 36—48
"Sweet potato", "Bush Porto Rico", 110, " May 1—15", " May 15—31", " June 1—15", (transplants), 10—18, 36—48
"Sweet potato", "Jewel", 130, " May 1—15", " May 15—31", " June 1—15", (transplants), 10—18, 36—48
"Sweet potato", "Murasaki 29 PP19955", 130, " May 1—15", " May 15—31", " June 1—15", (transplants), 10—18, 36—48
"Pumpkin", "Big Max", 120, " April 1—30", " May 1—15", " May 15—31", 1—1 1/2, 36—60, 72—96
"Pumpkin", "Jack-O-Lantern", 110, " April 1—30", " May 1—15", " May 15—31", 1—1 1/2, 36—60, 72—96
"Pumpkin", "New England Pie", 105, " April 1—30", " May 1—15", " May 15—31", 1—1 1/2, 36—60, 72—96
"Pumpkin", "Small Sugar", 100, " April 1—30", " May 1—15", " May 15—31", 1—1 1/2, 36—60, 72—96
"Pumpkin", "Spirit", 100, " April 1—30", " May 1—15", " May 15—31", 1—1 1/2, 36—60, 72—96
"Pumpkin", "Hybrid Autumn Gold", 90, " April 1—30", " May 1—15", " May 15—31", 1—1 1/2, 36—60, 72—96
"Pumpkin", "Jack-Be-Little", 100, " April 1—30", " May 1—15", " May 15—31", 1—1 1/2, 36—60, 72—96
"Radish", "Cherry Belle", 22, " Feb 1— March 31", " March 1— April 30", " April 1— July 15", 1/2, 1—2, 12—18
"Radish", "Easter Egg", 25, " Feb 1— March 31", " March 1— April 30", " April 1— July 15", 1/2, 1—2, 12—18
"Radish", "French Breakfast", 23, " Feb 1— March 31", " March 1— April 30", " April 1— July 15", 1/2, 1—2, 12—18
"Radish", "Sparkler", 25, " Feb 1— March 31", " March 1— April 30", " April 1— July 15", 1/2, 1—2, 12—18
"Radish", "White Icicle", 28, " Feb 1— March 31", " March 1— April 30", " April 1— July 15", 1/2, 1—2, 12—18
"Radish", "Champion", 28, " Feb 1— March 31", " March 1— April 30", " April 1— July 15", 1/2, 1—2, 12—18
"Radish", "German Giant", 29, " Feb 1— March 31", " March 1— April 30", " April 1— July 15", 1/2, 1—2, 12—18
"Spinach", "America", 50, " Jan 15— Feb 15; Sept 1—30", " Feb 15— March 15; Aug 1—30", " March 15— July 15", 1/2, 2—6, 12—36
"Spinach", "Bloomsdale Long Standing ", 43, " Jan 15— Feb 15; Sept 1—30", " Feb 15— March 15; Aug 1—30", " March 15— July 15", 1/2, 2—6, 12—36
"Spinach", "Melody", 42, " Jan 15— Feb 15; Sept 1—30", " Feb 15— March 15; Aug 1—30", " March 15— July 15", 1/2, 2—6, 12—36
"Spinach", "Winter Bloomsdale", 45, " Jan 15— Feb 15; Sept 1—30", " Feb 15— March 15; Aug 1—30", " March 15— July 15", 1/2, 2—6, 12—36
"Spinach", "Tyee", 37, " Jan 15— Feb 15; Sept 1—30", " Feb 15— March 15; Aug 1—30", " March 15— July 15", 1/2, 2—6, 12—36
"Spinach", "Avon Hybrid", 44, " Jan 15— Feb 15; Sept 1—30", " Feb 15— March 15; Aug 1—30", " March 15— July 15", 1/2, 2—6, 12—36
"Spinach", "Giant Nobel", 43, " Jan 15— Feb 15; Sept 1—30", " Feb 15— March 15; Aug 1—30", " March 15— July 15", 1/2, 2—6, 12—36
"Spinach, summer", "New Zealand", 70, "March 15— April 15", "April 15— May 15", "May 15— June 15", 1, 12—18, 36
"Squash, summer", "Dixie (crookneck, yellow)", 55, " April 1— Aug 1", " April 15— July 1", " May 15— June 15", 1, 24—48, 36—60
"Squash, summer", "Early Prolific (straightneck, yellow)", 53, " April 1— Aug 1", " April 15— July 1", " May 15— June 15", 1, 24—48, 36—60
"Squash, summer", "Gold Rush (zucchini, yellow)", 45, " April 1— Aug 1", " April 15— July 1", " May 15— June 15", 1, 24—48, 36—60
"Squash, summer", "Hybrid Jackpot (zucchini, green)", 44, " April 1— Aug 1", " April 15— July 1", " May 15— June 15", 1, 24—48, 36—60
"Squash, summer", "Black Magic (zucchini, green)", 50, " April 1— Aug 1", " April 15— July 1", " May 15— June 15", 1, 24—48, 36—60
"Squash, summer", "Dark Star (zucchini, green)", 50, " April 1— Aug 1", " April 15— July 1", " May 15— June 15", 1, 24—48, 36—60
"Squash, summer", "Grey Zucchini", 42, " April 1— Aug 1", " April 15— July 1", " May 15— June 15", 1, 24—48, 36—60
"Squash, summer", "Peter Pan (scallop)", 50, " April 1— Aug 1", " April 15— July 1", " May 15— June 15", 1, 24—48, 36—60
"Squash, summer", "Sunburst Hybrid (scallop)", 50, " April 1— Aug 1", " April 15— July 1", " May 15— June 15", 1, 24—48, 36—60
"Squash, winter", "Blue Hubbard", 115, " April 1— June 1", " April 15— May 15", " May 1—15", 1, 36—96, 72—96
"Squash, winter", "Buttercup", 105, " April 1— June 1", " April 15— May 15", " May 1—15", 1, 36—96, 72—96
"Squash, winter", "Acorn", 115, " April 1— June 1", " April 15— May 15", " May 1—15", 1, 36—96, 72—96
"Squash, winter", "Sweet Mama Hybrid", 85, " April 1— June 1", " April 15— May 15", " May 1—15", 1, 36—96, 72—96
"Squash, winter", "Table King Acorn", 75, " April 1— June 1", " April 15— May 15", " May 1—15", 1, 36—96, 72—96
"Squash, winter", "Table Queen Acorn", 80, " April 1— June 1", " April 15— May 15", " May 1—15", 1, 36—96, 72—96
"Squash, winter", "Vegetable Spaghetti", 100, " April 1— June 1", " April 15— May 15", " May 1—15", 1, 36—96, 72—96
"Squash, winter", "Waltham Butternut", 97, " April 1— June 1", " April 15— May 15", " May 1—15", 1, 36—96, 72—96
"Squash, winter", "Delicata", 100, " April 1— June 1", " April 15— May 15", " May 1—15", 1, 36—96, 72—96
"Squash, winter", "Ponca (baby butternut)", 90, " April 1— June 1", " April 15— May 15", " May 1—15", 1, 36—96, 72—96
"Squash, winter", "Table Ace (acorn)", 70, " April 1— June 1", " April 15— May 15", " May 1—15", 1, 36—96, 72—96
"Tomatoes, plum, small types", "Black Cherry", 65, " Feb 15— March 15", " April 15—30", " May 1—15", 1/2, 18—48, 36—60
"Tomatoes, plum, small types", "Red Cherry", 72, " Feb 15— March 15", " April 15—30", " May 1—15", 1/2, 18—48, 36—60
"Tomatoes, plum, small types", "Sun Gold", 57, " Feb 15— March 15", " April 15—30", " May 1—15", 1/2, 18—48, 36—60
"Tomatoes, plum, small types", "Sweet 100", 70, " Feb 15— March 15", " April 15—30", " May 1—15", 1/2, 18—48, 36—60
"Tomatoes, plum, small types", "Tiny Tim", 55, " Feb 15— March 15", " April 15—30", " May 1—15", 1/2, 18—48, 36—60
"Tomatoes, plum, small types", "Yellow Pear", 70, " Feb 15— March 15", " April 15—30", " May 1—15", 1/2, 18—48, 36—60
"Tomatoes, regular", "Beefmaster VFN", 80, " Feb 15— March 15", " April 15—30", " May 1—15", 1/2, 18—48, 36—60
"Tomatoes, regular", "Better Boy VFN", 72, " Feb 15— March 15", " April 15—30", " May 1—15", 1/2, 18—48, 36—60
"Tomatoes, regular", "Cherokee Purple", 80, " Feb 15— March 15", " April 15—30", " May 1—15", 1/2, 18—48, 36—60
"Tomatoes, regular", "Early Girl", 54, " Feb 15— March 15", " April 15—30", " May 1—15", 1/2, 18—48, 36—60
"Tomatoes, regular", "Early Pick VF", 68, " Feb 15— March 15", " April 15—30", " May 1—15", 1/2, 18—48, 36—60
"Tomatoes, regular", "Extra Early VFNT", 55, " Feb 15— March 15", " April 15—30", " May 1—15", 1/2, 18—48, 36—60
"Tomatoes, regular", "Fantastic", 65, " Feb 15— March 15", " April 15—30", " May 1—15", 1/2, 18—48, 36—60
"Tomatoes, regular", "Homestead 24", 76, " Feb 15— March 15", " April 15—30", " May 1—15", 1/2, 18—48, 36—60
"Tomatoes, regular", "Delicious", 77, " Feb 15— March 15", " April 15—30", " May 1—15", 1/2, 18—48, 36—60
"Squash, winter", "Vegetable Spaghetti", 100, " April 1— June 1", " April 15— May 15", " May 1—15", 1, 36—96, 72—96
"Squash, winter", "Waltham Butternut", 97, " April 1— June 1", " April 15— May 15", " May 1—15", 1, 36—96, 72—96
"Squash, winter", "Delicata", 100, " April 1— June 1", " April 15— May 15", " May 1—15", 1, 36—96, 72—96
"Squash, winter", "Ponca (baby butternut)", 90, " April 1— June 1", " April 15— May 15", " May 1—15", 1, 36—96, 72—96
"Squash, winter", "Table Ace (acorn)", 70, " April 1— June 1", " April 15— May 15", " May 1—15", 1, 36—96, 72—96
"Tomatoes, plum, small types", "Black Cherry", 65, " Feb 15— March 15", " April 15—30", " May 1—15", 1/2, 18—48, 36—60
"Tomatoes, plum, small types", "Red Cherry", 72, " Feb 15— March 15", " April 15—30", " May 1—15", 1/2, 18—48, 36—60
"Tomatoes, plum, small types", "Sun Gold", 57, " Feb 15— March 15", " April 15—30", " May 1—15", 1/2, 18—48, 36—60
"Tomatoes, plum, small types", "Sweet 100", 70, " Feb 15— March 15", " April 15—30", " May 1—15", 1/2, 18—48, 36—60
"Tomatoes, plum, small types", "Tiny Tim", 55, " Feb 15— March 15", " April 15—30", " May 1—15", 1/2, 18—48, 36—60
"Tomatoes, plum, small types", "Yellow Pear", 70, " Feb 15— March 15", " April 15—30", " May 1—15", 1/2, 18—48, 36—60
"Tomatoes, regular", "Beefmaster VFN", 80, " Feb 15— March 15", " April 15—30", " May 1—15", 1/2, 18—48, 36—60
"Tomatoes, regular", "Better Boy VFN", 72, " Feb 15— March 15", " April 15—30", " May 1—15", 1/2, 18—48, 36—60
"Tomatoes, regular", "Cherokee Purple", 80, " Feb 15— March 15", " April 15—30", " May 1—15", 1/2, 18—48, 36—60
"Tomatoes, regular", "Early Girl", 54, " Feb 15— March 15", " April 15—30", " May 1—15", 1/2, 18—48, 36—60
"Tomatoes, regular", "Early Pick VF", 68, " Feb 15— March 15", " April 15—30", " May 1—15", 1/2, 18—48, 36—60
"Tomatoes, regular", "Extra Early VFNT", 55, " Feb 15— March 15", " April 15—30", " May 1—15", 1/2, 18—48, 36—60
"Tomatoes, regular", "Fantastic", 65, " Feb 15— March 15", " April 15—30", " May 1—15", 1/2, 18—48, 36—60
"Tomatoes, regular", "Homestead 24", 76, " Feb 15— March 15", " April 15—30", " May 1—15", 1/2, 18—48, 36—60
"Tomatoes, regular", "Delicious", 77, " Feb 15— March 15", " April 15—30", " May 1—15", 1/2, 18—48, 36—60
"Tomatoes, regular", "Celebrity Hybrid VFNT", 70, " Feb 15— March 15", " April 15—30 ", " May 1—15", 1/2, 18—48, 36—60
"Tomatoes, regular", "Super Beefsteak VFN", 80, " Feb 15— March 15", " April 15—30 ", " May 1—15", 1/2, 18—48, 36—60
"Tomatoes, paste", "Roma VF", 75, " Feb 15— March 15", " April 15—30", " May 1—15", 1/2, 18—48, 36—60
"Tomatoes, paste", "Viva Italia Hybrid", 80, " Feb 15— March 15", " April 15—30", " May 1—15", 1/2, 18—48, 36—60
"Tomatoes, paste", "San Marzano", 80, " Feb 15— March 15", " April 15—30", " May 1—15", 1/2, 18—48, 36—60
"Turnips", "Purple Top White Globe", 55, "Feb 1— March 15; July 20— Aug 20", "March 1— April 15; July 1— Aug 15", " April 1— June 30", 1/2, 2—6, 12—36
"Turnips", "Hybrid Toyko Cross", 35, "Feb 1— March 15; July 20— Aug 20", "March 1— April 15; July 1— Aug 15", " April 1— June 30", 1/2, 2—6, 12—36
"Watermelon", "Black Diamond", 90, " April 1—15", " Aprl 20— May 20", " May 1—15", 1, 24—36, 72—96
"Watermelon", "Charleston Gray", 85, " April 1—15", " Aprl 20— May 20", " May 1—15", 1, 24—36, 72—96
"Watermelon", "Crimson Sweet ", 80, " April 1—15", " Aprl 20— May 20", " May 1—15", 1, 24—36, 72—96
"Watermelon", "Bush Sugar Baby", 75, " April 1—15", " Aprl 20— May 20", " May 1—15", 1, 24—36, 72—96
"Watermelon", "Sweet Favorite", 80, " April 1—15", " Aprl 20— May 20", " May 1—15", 1, 24—36, 72—96
"Melons, Other", "Casaba, Golden Beauty", 120, " April 1—15", " April 20— May 20", " May 1—15", 1, 24—36, 72—96
"Melons, Other", "Crenshaw, Early Hybrid", 90, " April 1—15", " April 20— May 20", " May 1—15", 1, 24—36, 72—96
"Melons, Other", "Honeydew Type, Hybrid Earli-Dew", 80, " April 1—15", " April 20— May 20", " May 1—15", 1, 24—36, 72—96
"Melons, Other", "Honeydew Type, Venus", 88, " April 1—15", " April 20— May 20", " May 1—15", 1, 24—36, 72—96
